Aaron Benson,benson
Aaron Evans,evans
Aaron Graves,graves
Aaron Wu,wu
Abdelrahman Samy Tolis,tolis
Abdullah Alkadeem,alkadeem
Abdullah Siddiqi,siddiqi
Abdurrahman Rafiq,rafiq
Abe Masresha,masresha
Abraar Syed,syed
Abukaresh Fadel,fadel
Adam Gashlin,gashlin
Adam James Fitzpatrick,fitzpatrick
Adam Přibyl,pribyl
Adam Rogers,rogers
Adam Stefaniak,stefaniak
Adem Alp Yıldız,yildiz
Adi D. Jayanto,jayanto
Adi Željković,zeljkovic
Adil Allawi,allawi
Adnan Hodžić,hodzic
Adrian Florinescu,florinescu
Adrian Lindqvist,lindqvist
Adrian Mardare,mardare
Ahmad Twajiry,twajiry
Ahmed Nefzaoui,nefzaoui
Ahmed Soliman,soliman
Ahmet Mulalić,mulalic
Aiet Kolkhi,kolkhi
Akber Choudhry,choudhry
Akira Uchida,uchida
Akmal Xushvaqov,xushvaqov
Akshay Tiwari,tiwari
Alan Kligman,kligman
Alan Starr,starr
Alastair Moore,moore
Albert De Castro,de castro
Albert Lombarte,lombarte
Albert Sutojo,sutojo
Alberto Pastor,pastor
Aleh Azasypkin,azasypkin
Alejandro Serrano González,serrano gonzalez
Alejandro Umpiérrez,umpierrez
Aleks Clark,clark
Aleksandar Zgonjan,zgonjan
Aleksandr Milewski,milewski
Aleksandr Sokolov,sokolov
Aleksandra Uzelac,uzelac
Aleksej R. Serdyukov,serdyukov
Aleksey Chalabyan,chalabyan
Aleksey Titorenko,titorenko
Alessio Cervellin,cervellin
Alex Menzies,menzies
Alex Morotsky,morotsky
Alexander Fowler,fowler
Alexander Gladkov,gladkov
Alexander Kadlec Aguirre,kadlec aguirre
Alexander Khalil,khalil
Alexander Lindqvist,lindqvist
Alexander Matsapura,matsapura
Alexander Opitz,opitz
Alexander Rodionov,rodionov
Alexander Skrypnikov,skrypnikov
Alexander Wafula,wafula
Alexandre Abraham,abraham
Alexandre Ben Mahmoud,ben mahmoud
Alexandre Hô,ho
Alexandre Lissy,lissy
Alexandre Poirot,poirot
Alexandros Mioglou,mioglou
Alexandru Lakatos,lakatos
Alexandru Simonca,simonca
Alexey Gladkov,gladkov
Alexey Pushkin,pushkin
Alexis Métaireau,metaireau
Alfredo Felizardo,felizardo
Alfredos-Panagiotis Damkalis,damkalis
Ali Ak,ak
Ali Ayub Kalufya,kalufya
Ali Shan,shan
Alice Lieutier,lieutier
Alicia Spivak,spivak
Alifiyah Ganijee,ganijee
Alin Rus,rus
Alin Selagea,selagea
Alina Mierlus,mierlus
Alison Shiue,shiue
Alistair Lewars,lewars
Alizée Aubertin,aubertin
Alneja Gašpar Horvat,horvat
Alon Zakai,zakai
Altin Ukshini,ukshini
Amadej Hudolin Pirc,hudolin pirc
Aman Aryaputra,aryaputra
Amar Hanumanula,hanumanula
Amila Akagić,akagic
Amin Alhazwani,alhazwani
Amir Elisha Aharoni,aharoni
Amir Szekely,szekely
Amos Batto,batto
Amos Cardia,cardia
Amy Fong,fong
Anamaria Stoica,stoica  
Anders Kjersem,kjersem
Andi Darmawan,darmawan
Andre Alves Garzia,garzia
Andre Guibert de Bruet,guibert de bruet
Andrea Aime,aime
Andrea Knight,knight
Andrea Monni,monni
Andrea Romoli,romoli
Andrea Salmaso,salmaso
Andreas Kleinert,kleinert
Andreas Kunz,kunz
Andreas Pehrson,pehrson
Andreas Pettersson,pettersson
Andreas Treumann,treumann
Andrei Bosco,bosco
Andrei Filip,filip
Andrei Obreja,obreja
Andrei Vaida,vaida
Andrej Macko,macko
Andrej Uduč,uduc
Andrew Cave,cave
Andrew Myers,myers
Andrew Schultz,schultz
Andrew Williamson,williamson
Andrey A. Chernov,chernov
Andrey Masalov,masalov
Andrij Kuryk,kuryk
Andriy Rysin,rysin
André Barbosa,barbosa
André Dahlqvist,dahlqvist
André Deriane,deriane
André Klapper,klapper
André Marcelo Alvarenga,alvarenga
Andrés Gómez Aragoneses,aragoneses
Andrés Gómez García,gomez garcia
Anir Chowdhury,chowdhury
Anita Reitere,reitere
Ankit Mehta,mehta
Anna Debenham,debenham
Annabella Szép,szep
Anne-Marie Bourcier,bourcier
Annie Sullivan,sullivan
Anoosh Hosseini,hosseini
Anousak Souphavanh,souphavanh
Anthony Foxworth,foxworth
Anthony Lam,lam
Anthony Tarlano,tarlano
Antoine Duparay,duparay
Antoine Mechelynck,mechelynck
Anton Nizhegorodov,nizhegorodov
Antoni Camon,camon
Antonio Fernando Santos Ladeia,ladeia
Antonios Mavrelos,mavrelos
Antti Salminen,salminen
Antun Končić,koncic
António Manuel Dias,dias
Anupam Saurabh,saurabh
Arash Mousavi,mousavi
Aravind Maguluri Babu,maguluri babu
Ardian Haxha,haxha
Arthur Barrett,barrett
Arto Laitinen,laitinen
Arvid Axelsson,axelsson
Ashik Salahudeen,salahudeen
Ashutosh Kulkarni,kulkarni
Atsushi Kamoshida,kamoshida
Attasit Thipsongkhroh,thipsongkhroh
Atul Varma,varma
Augustin Kiberwa,kiberwa
Austin Tuan,tuan
Axel Taferner,taferner
Ayman Maat,maat
Azadul Haq,haq
Balázs Koren,koren
Balázs Meskó,mesko
Balázs Úr,ur
Barak Ori,ori
Barbora Rozborová,rozborova
Baris Misman,misman
Bart Decrem,decrem
Bartosz Piec,piec
Basanta K. Shrestha,shrestha
Basil Keane,keane
Ben FrantzDale,frantzdale
Ben Hsu,hsu
Ben Moskowitz,moskowitz
Ben Simon,simon
Ben van der Merwe,van der merwe
Benedikt Pfeifer,pfeifer
Benjamin Bangert,bangert
Benjamin Chuang,chuang
Benjamín Valero Espinosa,valero espinosa
Berend Cornelius,cornelius
Bernardo Arlandis Mañó,arlandis mano
Bernardo Melero,melero
Bertilo Wennergren,wennergren
Bevis Tseng,tseng
Bill Bumgarner,bumgarner
Binny Avasthi,avasthi
Bishakha Banerjee,banerjee
Bishop Clark,clark
Biswatosh Chakraborty,chakraborty
Björn Ordoubadian,ordoubadian
Blaž Mihevc,mihevc
Bob Micheletto,micheletto
Bob Miller,miller
Bobby Chien,chien
Bobby Richter,richter
Bogdan Alexandru Costea,costea
Bogdan Enache,enache
Bogdan Maris,maris
Bogdan Matei,matei
Borisas Bursteinas,bursteinas
Bradley Johnson,johnson
Brandon Lujan,lujan
Branimir Sesar,sesar
Branislav Pavelka,pavelka
Breana Jones Gonzales,gonzales
Brendan Dahl,dahl
Brenton Martin,martin
Brett Gaylor,gaylor
Brett Wilson,wilson
Brian Edmond,edmond
Brian J. Brennan,brennan
Brian Jones,jones
Brian Jørgensen,jorgensen
Brian Omid Krabbe,krabbe
Brian Rakowski,rakowski
Brindusa Tot,tot
Bron Gondwana,gondwana
Bruce Huang,huang
Bruno Antunes,antunes
Bruno Browning,browning
Bruno Escherl,escherl
Bruno Queirós,queiros
Bruno Werminghoff,werminghoff
Bryan Bell,bell
Bryant Mao,mao
Buchan Milne,milne
Burak Yiğit Kaya,kaya
ByeongJu Lee,lee
C.J. Ku,ku
Cag Onganer,onganer
Caio Tiago Oliveira de Sousa,sousa
Camelia Badau,badau
Cameron Roy,roy
Camilo Regueiro,regueiro
Carl Corcoran,corcoran
Carlo Frinolli Puzzilli,puzzilli
Carlos Alberto Riveros Olivares,riveros olivares
Carlos Díaz del Campo,diaz del campo
Carlos González,gonzalez
Carlos Yoshinobu Une,une
Carmen A. Shirkey Collins,collins
Carmen Fat,fat
Catalin Suciu,suciu
Cathy Davidson,davidson
Cavin Song,song
Cem Elhasan,elhasan
Cesar Romero,romero
Chad Weiner,weiner
Chahreddine Ben Ali,ben ali
Chandrakant Dhutadmal,dhutadmal
Changue Park,park
Charilaos Margiolakis,margiolakis
Charles Fenwick,fenwick
Charles-André Landemaine,landemaine
Charlie Somerville,somerville
Chase Phillips,phillips
Chase Tingley,tingley
Chesús Daniel Trigo,trigo
Chiaki Ishikawa,ishikawa
Chris Andrichak,andrichak
Chris Appleton,appleton
Chris Blore,blore
Chris Coulson,coulson
Chris Cox,cox
Chris Howse,howse
Chris Karlof,karlof
Chris Lawrence,lawrence
Chris McAvoy,mcavoy
Christelle Thomas,thomas
Christian Gruber,gruber
Christian Heilmann,heilmann
Christian Jansen,jansen
Christian Mondorf,mondorf
Christian Schmidt,schmidt
Christian Sejersen,sejersen
Christian Tanguy,tanguy
Christine Hoffman,hoffman
Christine O'Sullivan,o'sullivan
Christoph Becker-Freyseng,becker-freyseng
Christoph Hippchen,hippchen
Christophe Foucher,foucher
Christophe Gesché,gesche
Christophe Pera,pera
Christophe Ravel,ravel
Christophe Villeneuve,villeneuve
Christopher Hoess,hoess
Christopher Hurley,hurley
Christopher Lee,lee
Christos Bacharakis,bacharakis
Cindy Hsiang,hsiang
Ciprian Mureșan,muresan
Colin Horne,horne
Consuelo Costa,costa
Cornel Ionce,ionce
Cosmin Badescu,badescu
Cosmin Muntean,muntean
Craig Cook,cook
Craig Olinsky,olinsky
Cristian Brînză,brinza
Cristian Chiorean,chiorean
Cristian Comorasu,comorasu
Cristian Secărică,secarica
Curt Rothert,rothert
Cynthia Tang,tang
Cyril Bortolato,bortolato
Cédric Menge,menge
Cédric Valmary,valmary
Céline Demange,demange
César Rincón,rincon
Damian Szczepanik,szczepanik
Damien Thebault,thebault
Damira Akhmedova,akhmedova
Dan Christian,christian
Dan Huang,huang
Dan Jipa,jipa
Dan Mellem,mellem
Dan Sinker,sinker
Dang Minh Tuan,tuan
Daniel Burka,burka
Daniel Bölzle,bolzle
Daniel Cooper,cooper
Daniel Korostil,korostil
Daniel Martínez Cucalón,martinez cucalon
Daniel McGowan,mcgowan
Daniel Stile,stile
Daniel W. Howard,howard
Daniel W. Steinbrook,steinbrook
Daniel Wang,wang
Daniel Wester,wester
Daniel Yacob,yacob
Daniela Arcese,arcese
Daniele Curto,curto
Daniele Medri,medri
Daniil Smirnov,smirnov
Daniël de Wildt,de wildt
Dariusz Grabka,grabka
Darrel Liu,liu
Darren Blaber,blaber
Dave Evans,evans
Dave Laundon,laundon
Dave Liebreich,liebreich
Dave Murray,murray
Dave Salgueiro,salgueiro
Dave Yeo,yeo
Dave Zeber,zeber
David Bellot,bellot
David Bengoa,bengoa
David Berz,berz
David Bialer,bialer
David C. Uhrig,uhrig
David Durst,durst
David Inglis,inglis
David J. Fiddes,fiddes
David Jorjoliani,jorjoliani
David Kay,kay
David Koudela,koudela
David Krause,krause
David Lawrence,lawrence
David Majda,majda
David Marteau,marteau
David Mason,mason
David P James,james
David Pěgřímek,pegrimek
David Schmitz,schmitz
David Scravaglieri,scravaglieri
David Slater,slater
David Teller,teller
Dawn Isabel,isabel
Dean Wilson,wilson
Denis Scholler,scholler
Denis Sharypov,sharypov
Dia Bondi,bondi
Dian Ina Mahendra,mahendra
Diana Livits,livits
Diane Branson Lonnen,lonnen
Dima V. Fedorov,fedorov
Dimitri Torterat,torterat
Dimitris Monopatis,monopatis
Dimo Vanchev,vanchev
Dirk Mueller,mueller
Dmitry A. Kuminov,kuminov
Dmitry Makarov,makarov
Dmitry S. Sivachenko,sivachenko
Dominik Strohmeier,strohmeier
Dominique Matus,matus
Don Crandall,crandall
Donald Szeto,szeto
Donatien Nsengiyumva,nsengiyumva
Dongie Agnir,agnir
Doron Shikmoni,shikmoni
Dotan Dimet,dimet
Doug Thayer,thayer
Doug Whitmore,whitmore
Douglas Nicolson,nicolson
Dov Grobgeld,grobgeld
Dragos Crisan,crisan
Duncan Findlay,findlay
Duong Nguyen,nguyen
Duy Toản,toan
Dylan Oliver,oliver
Dylan William Hardison,hardison
Ebrahim Byagowi,byagowi
Ed Hume,hume
Eduardo Basurto Villaorlad,basurto villaorlad
Edwin Wong,wong
Elad Alfassa,alfassa
Elanjelian Venugopal,venugopal
Eleftherios Kosmas,kosmas
Elena Palomo Otero,palomo otero
Elvir Cesko,cesko
Emanuela Damani,damani
Emil Ghitta,ghitta
Emil Pasca,pasca
Emilio Justiniano Carcamo Troconis,troconis
Emmanuel Galatoulas,galatoulas
Emre Birol,birol
Endro Koesno,koesno
Enol Puente,puente
Enrico de Capoa,de capoa
Enrico Panza,panza
Enrique Estévez Fernández,estevez fernandez
Eric Hanson,hanson
Eric Pang,pang
Eric Petitt,petitt
Eric Peyton,peyton
Eric Portelance,portelance
Eric Trembly,trembly
Eric Tsai,tsai
Erica Wright,wright
Erik Fornoff,fornoff
Erin Knight,knight
Erkan Kaplan,kaplan
Ermengol Bota Argue,bota argue
Ernest Adrogué Calveras,adrogue calveras
Erwan Guyader,guyader
Erwin Dwight B. Ruiz,ruiz
Estela Liu,liu
Etienne Segonzac,segonzac
Eugenijus Januškevičius,januskevicius
Eugeniu Strătilă,stratila
Eungkyu Song,song
Evan Wallace,wallace
Fabian Guisset,guisset
Fabio Beneditto,beneditto
Fabio Luiz,luiz
Fang Shih,shih
Faramarz Rashed,rashed
Fardin Shikhiyev,shikhiyev
Farhad Safarov,safarov
Farmer Tseng,tseng
Federico Culloca,culloca
Fer Aaber,aaber
Ferdinand Grassmann,grassmann
Fernando Campo,campo
Fernando García,garcia
Fernando Verdú Castillo,verdu castillo
Filip Hruška,hruska
Filip Knežić,knezic
Filip Molčan,molcan
Finn Sørensen,sorensen
Florian Hänel,hanel
Florian Janßen,janssen
Florian Laluque,laluque
Florian Schlögl,schlogl
Florian Verdet,verdet
Florin Mezei,mezei
Forrest Goodson,goodson
Foysal Remon,remon
Francesca Ciceri,ciceri
Francisco Collao,collao
Francisco Jesús Jordano Jiménez,jordano jimenez
Franck Portaneri,portaneri
Frank-Rainer Grahl,grahl
Frederick Bruno Gabriana,gabriana
Fritz Schneider,schneider
Fábio Magnoni,magnoni
Gabi Cheta,cheta
Gabriel Pfeiffer,pfeiffer
Gabriele Svelto,svelto
Gad Abraham,abraham
Gary Elshaw,elshaw
Gary van der Merwe,van der merwe
Gavin Ho,ho
Gene Backlin,backlin
Gene Lian,lian
Geoffrey C. Wenger,wenger
Geoffrey MacDougall,macdougall
George Fiotakis,fiotakis
Georges Moracchini,moracchini
Georgi D. Sotirov,sotirov
Georgios Terzoglou,terzoglou
Gerard Farràs i Ballabriga,farras i ballabriga
Gerry Leonidas,leonidas
Gideon King,king
Gintaras Sruogius,sruogius
Giovanni Bortolozzo,bortolozzo
Giovanni Derks,derks
Giovanni Francesco Solone,solone
Giulia Fraboulet,fraboulet
Glenn Carnagey,carnagey
Goce Mitevski,mitevski
Gokul Poduval,poduval
Gonçalo Matos,matos
Goran Kohek,kohek
Goran Stjepanović,stjepanovic
Gordon Dickens,dickens
Grace Jimenez,jimenez
Greg Lisle,lisle
Gregory R. Block,block
Grigorios Petsos,petsos
Grover Wimberly IV,wimberly
Grzegorz Głogowski,glogowski
Grzegorz Łukasik,lukasik
Grégoire Coustenoble,coustenoble
Guillaume Cédric Marty,marty
Guillaume Filion,filion
Gulgina Shamsutdinova,shamsutdinova
Gunnar Jurdzik,jurdzik
Gunner Poulsen,poulsen
Guntupalli Karunakar,karunakar
Gurpreet Bains,bains
Gustavo Junior Alves,alves
Gábor Kelemen,kelemen
Gérard Iglesias,iglesias
Görkem Geleçek,gelecek
Görkem Çetin,cetin
Günter Wahl,wahl
Hagan Heller,heller
Hai Liu,liu
Haitham El-Ghareeb,el-ghareeb
Hajime Urayama,urayama
Halil Kaya,kaya
Hani Yacoub,yacoub
Hanna de Luna,de luna
Hans Wallanger,wallanger
Harald Sitter,sitter
Hari Kumar G,kumar g
Hari Vishnu,vishnu
Hasbullah Bin Pit,pit
Hasin Hayder,hayder
Hassan Aurag,aurag
Hatem Husni Zyoud,zyoud
Hauke Schmiegel,schmiegel
Havi Hoffman,hoffman
Heather McGaw,mcgaw
Hebert Silva,silva
Helen Huang,huang
Helen Turvey,turvey
Helge Dale Titlestad,titlestad
Helgi Hráfn Gunnarsson,gunnarsson
Hema Koka,koka
Henrik Olsson,olsson
Henrique Costa,costa
Henry Nestler,nestler
Henry Pijffers,pijffers
Herath Mudiyanselage Usheera Rathnayake,rathnayake
Hermann Schwab,schwab
Heroid Shehu,shehu
Herwig Bauernfeind,bauernfeind
Hezron Obuchele,obuchele
Hoba Yehia,yehia
Holger Heynen,heynen
Hoony Jang,jang
Hrayr Ohanyan,ohanyan
Hsin-Yi Tsai,tsai
Hugo Acosta,acosta
Hugo Sergio Rejas Viscarra,rejas viscarra
Huseyin Killic,killic
Hyeonseok Shin,shin
Håkon Wium Lie,lie
Hèctor Batalla,batalla
I Felix,felix
Ian Bert Tusil,tusil
Ian Henderson,henderson
Ibai García Urruchua,garcia urruchua
Ibon Igartua,igartua
Igor Pavlov,pavlov
Ilias Spyropoulos,spyropoulos
Ilin Tatabitovski,tatabitovski
Irene Au,au
Irene Mastoraki,mastoraki
Iris Hsiao,hsiao
Isaac David Guedalia,guedalia
Isabelle Dubé,dube
Ismael Olea,olea
Ismail Murat Dilek,dilek
Ismet Sadiqov,sadiqov
Israel Saeta Pérez,saeta perez
Issa Mahasneh,mahasneh
Istiaque Ahamed,ahamed
Iulia Cristescu,cristescu
Iulian Ursache-Dogariu,ursache-dogariu
Iuri Fiedoruk,fiedoruk
Ivan Barković,barkovic
Ivan Gusev,gusev
Ivan Sladek,sladek
Ivan Stoev,stoev
Iván Fernández Calvo,fernandez calvo
J.M. Hardin,hardin
Jack Guo,guo
Jack Lee,lee
Jack Lin,lin
Jack M. H. Lin,lin
Jack Phoenix,phoenix
Jack Trevor,trevor
Jackie Liu,liu
Jacob Johanson,johanson
Jacobo Tarrío,tarrio
Jaime Chen,chen
Jakob Beetz,beetz
Jakob Kappel Petersen,petersen
Jakub Formánek,formanek
Jakub Kalnik,kalnik
Jakub Nešetřil,nesetril
Jakub Rychlý,rychly
Jakub Siemiatkowski,siemiatkowski
Jakub Tománek,tomanek
James Huntley,huntley
James Miller,miller
James Nicolson,nicolson
James Russell,russell
Jamie Diamond,diamond
Jamie Falzon,falzon
Jan Beich,beich
Jan Gerber,gerber
Jan Havlena,havlena
Jan Kropac,kropac
Jan Matoušek,matousek
Jan Merta,merta
Jan Pokorný,pokorny
Jan Tříska,triska
Jan Urbánek,urbanek
Jan Ustohal,ustohal
Jan Čínert,cinert
Jang Lemmer,lemmer
Janus Ng,ng
Jared Sutton,sutton
Jarmo Juslin,juslin
Jaroslav Vishtaljuk,vishtaljuk
Jasmin Azemović,azemovic
Jason Fosback,fosback
Jason Fournier,fournier
Jason Smith,smith
Jason T. Corey,corey
Jason Y. Sproul,sproul
Jaume Bargalló,bargallo
Javier Solá,sola
Jean Baptiste Ngendahayo,ngendahayo
Jean Gong,gong
Jean-Baptiste M. Queru,queru
Jean-Baptiste Piacentino,piacentino
Jean-Charles Mourey,mourey
Jean-Claude Ben,ben
Jean-Marc Desperrier,desperrier
Jean-Michel Reghem,reghem
Jeff Beckley,beckley
Jeff Griffiths,griffiths
Jeff Lee,lee
Jeff Rhyason,rhyason
Jefferson Durán,duran
Jeffrey Falkingham,falkingham
Jeffrey M. Treuhaft,treuhaft
Jennifer Bertsch,bertsch
Jennifer Davidson,davidson
Jens Hyllegaard,hyllegaard
Jens Jacob Iversen,iversen
Jernej Baranja,baranja
Jess Davis,davis
Jess Klein,klein
Jesse Tayler,tayler
Jessica Jong,jong
Jesús García y Álvarez,garcia y alvarez
Jesús López,lopez
Jesús Vidal Panalés,vidal panales
Jim Cook,cook
Jim Erdmann,erdmann
Jim Massey,massey
Jim Park,park
Jimmy Lee,lee
Jindřich Pozlovský,pozlovsky
Jinkyu Yi,yi
Jivka Alexandrova,alexandrova
Jiwei Wang,wang
Jiří Burda,burda
Jiří Chomát,chomat
Jiří Šebele,sebele
Jiří Šebesta,sebesta
Jiří Šedý,sedy
Joan Sala Soler,sala soler
Joanna Mazgaj,mazgaj
Joanna Niklas,niklas
Joanne Nagel,nagel
Joaquín Haeussler Risco,haeussler risco
Joaquín Rodríguez Villanueva,rodriguez villanueva
Joe Robins,robins
Joe Sabash,sabash
Joe Yam,yam
Joey Minta,minta
Joey Yangali,yangali
Johan Lorenzo,lorenzo
John C. Griggs,griggs
John Christian Marquez,marquez
John Colombo,colombo
John Dai,dai
John Dobbins,dobbins
John Gardiner Myers,myers
John Gruen,gruen
John Hesling,hesling
John Jensen,jensen
John Keiser,keiser
John McArdle,mcardle
John McKee,mckee
John Signa,signa
John Tsagatakis,tsagatakis
Jolita Šečkutė,seckute
Jon Babcock,babcock
Jon Baumgartner,baumgartner
Jon Smirl,smirl
Jon Stephens,stephens
Jon Ursenbach,ursenbach
Jonas Celebiler,celebiler
Jonas Geiregat,geiregat
Jonas Jenwald,jenwald
Jonathan Riddell,riddell
Jonathan Rosenne,rosenne
Jonel Agutaya,agutaya
Joni Savage,savage
Joone Hur,hur
Joost Verburg,verburg
Jordi Cuevas,cuevas
Jorge Munuera,munuera
Josef Kotva,kotva
Joseph Psychas,psychas
Joseph Sheehan,sheehan
Joses Paul,paul
Josh Geenen,geenen
Joshua Gough,gough
Joshua Henson,henson
Joshua Nyakundi,nyakundi
Josu Waliño,walino
José Antonio Olivera Ortega,olivera ortega
José Jeria,jeria
José Junior Villagomez Melgar,villagomez melgar
José Manuel Cantera Fonseca,cantera fonseca
José Manuel Esteve Gómez,esteve gomez
José María Miranda Rodríguez,miranda rodriguez
José Miguel Parrella Romero,parrella romero
Jovan Kostovski,kostovski
Joyce K Babu,babu
Joyce Nalwadda,nalwadda
Jozef Remeň,remen
Jozsef Somogyi,somogyi
João Oliveira,oliveira
João Santos,santos
Juan Esteban Ajsivinac Sián,sian
Juan Pablo Martínez Cortés,martinez cortes
Juha Sipilä,sipila
Julia Buchner,buchner
Julie Choi,choi
Julie McCracken,mccracken
Julien Gattelier,gattelier
Julien Uytterhaegen,uytterhaegen
Julius Schwartzenberg,schwartzenberg
Jure Repinc,repinc
Jussi-Pekka Mantere,mantere
Justin D'Arcangelo,d'arcangelo
Justin Frankel,frankel
Justin Morey,morey
Justin Morgan,morgan
Justin Smith,smith
Justin Williams,williams
Juwei Huang,huang
Jyri-Petteri Paloposki,paloposki
Ján Gallik,gallik
Ján Kendi,kendi
Ján Letko,letko
Jérémy Le Floc'h,le floc'h
Jón Ragnarsson,ragnarsson
Jörg Brunsmann,brunsmann
Jürgen Berg,berg
Jürgen Harter,harter
K'Trina Medina,medina
Kalin Kozhuharov,kozhuharov
Kamera Raharaha,raharaha
Kanchan Kumari,kumari
Kandis Malefyt,malefyt
Karen Huang,huang
Karl Benson,benson
Karlheinz Dobler,dobler
Karolina Wójcik,wojcik
Karthikeyan Palaniswamy,palaniswamy
Kaspars Krampis,krampis
Kate Glazko,glazko
Katherine Naszradi,naszradi
Katrin Lepik,lepik
KDS Sahambi,sahambi
Keiki Kawai'ae'a,kawai'ae'a
Kelvin Ocaya,ocaya
Kemal Taskin,taskin
Ken Lunde,lunde
Kenichi Adachi,adachi
Kenneth Herron,herron
Kenton Hanson,hanson
Keola Donaghy,donaghy
Kevin A. Hoogheem,hoogheem
Kevin Brannen,brannen
Kevin Donnelly,donnelly
Kevin Freitas,freitas
Kevin McEntee,mcentee
Kevin Simons,simons
Kevin Wagner,wagner
Keyur Shroff,shroff
Khalid Syfullah Zaman,zaman
Kieran Britton,britton
Kilian Sánchez González,sanchez gonzalez
Kim Ludvigsen,ludvigsen
Kiran Bhamare,bhamare
Kirk Brocas,brocas
Kirk Erickson,erickson
Kit Cambridge,cambridge
Koen Hendrickx,hendrickx
Konrad Kieling,kieling
Konstantin A. Lepikhov,lepikhov
Konstantina Papadea,papadea
Konstantinos Antonakoglou,antonakoglou
Konstantinos Tsakaloglou,tsakaloglou
Kostas Michalopoulos,michalopoulos
Krasimir Berov,berov
Krishna Mohan Khandrika,khandrika
Kristin Baird,baird
Kristin Bauersfeld,bauersfeld
Kristjan Zink,zink
Kristján Geir Mathiesen,mathiesen
Krzysztof Głębowicz,glebowicz
Krzysztof Kurzawski,kurzawski
Krzysztof Piniecki,piniecki
Krzysztof Wróblewski,wroblewski
Kurt Buecherl,buecherl
Kurt H. Maier,maier
Kwang Poon,poon
Kyriakos K. Skafas,skafas
Ladislav Vykukal,vykukal
Lainie DeCoursy,decoursy
Lajos Koszti,koszti
Lalo Martins,martins
Larry Belan,belan
Larry Jones,jones
Laurian Gridinoc,gridinoc
Lawrence Blue Cuenca,cuenca
Leandro Stevanato Alves,alves
Leong Kok Yong,leong
Lim Wei Liang,lim
Linda Valdez,valdez
Lloyd Johnson,johnson
Logan Ingalls,ingalls
Lorenzo Gil Sánchez,gil sanchez
Louis Chang,chang
Louis-Rémi Babé,babe
Luc Mousseau,mousseau
Luc Rolland,rolland
Lucas Rocha,rocha
Luciana Viana,viana
Lucien Dupont,dupont
Ludwig Johnson,johnson
Lufei Jia,jia
Luke Stone,stone
Lukáš Petrovický,petrovicky
Lukáš Růžička,ruzicka
Luís Ferro,ferro
Lyubomir Popov,popov
Maciej Przybecki,przybecki
Mack Sessoms,sessoms
Madalin Cotetiu,cotetiu
Madalina Ana,ana
Madhur Bhatia,bhatia
Madhusudan Singh,singh
Magnus Bonnevier,bonnevier
Magnus Klausen Revang,revang
Magnus Sulland,sulland
Maha Abou El-Rous,el-rous
Mahe Potharaju,potharaju
Maire Reavy,reavy
Majda Nafissa Rahal,rahal
Makoto Hamanaka,hamanaka
Mamikon Nikoghosyan,nikoghosyan
Manel Rhaiem,rhaiem
Manuel Blanc Juárez,blanc juarez
Manuel Clos,clos
Manuel Reimer,reimer
Manuela Silva,silva
Marc Andreessen,andreessen
Marc Boeker,boeker
Marc Bächinger,bachinger
Marcello Nuccio,nuccio
Marcello Testi,testi
Marcelo Luis Comin Araldi,araldi
Marcelo Ricardo Leitner,leitner
Marcin Jagodziński,jagodzinski
Marco Aurélio Krause,krause
Marco Fusari,fuasri
Marcos Paulo Hauer,hauer
Marcus Vinicius Saad,saad
Margarita Yordanova,yordanova
Mari Moreshead,moreshead
Marilyn Wigglesworth,wigglesworth
Marius Gricius,gricius
Marius Santa,santa
Mark Carson,carson
Mark Dowling,dowling
Mark G. Adams,adams
Mark Heijl,heijl
Mark Jeffries,jeffries
Mark LaVine,lavine
Mark Leisher,leisher
Mark Liang,liang
Mark Liddell,liddell
Mark Morris,morris
Mark Pilgrim,pilgrim
Mark Schumann,schumann
Mark Tetrode,tetrode
Mark Trompell,trompell
Mark Yen,yen
Mark-Anthony Torrocha,torrocha
Marko Andrejić,andrejic
Markus Adrario,adrario
Marshall Culpepper,culpepper
Mart Rootamm,rootamm
Martin Chrástek,chrastek
Martin Grames,grames
Martin Hassman,hassman
Martin Kliehm,kliehm
Martin Kokeš,kokes
Martin Perry,perry
Martin Petrov,petrov
Martin Schröder,schroder
Martin Strolený,stroleny
Martin Stránský,stransky
Martin Tedjawardhana,tedjawardhana
Martin Thomson,thomson
Martin Wolf,wolf
Martin Zikmund,zikmund
Martins Ķetners,ketners
Marvin Khoo,khoo
María Ángeles Oteo,oteo
Masaya Iseki,iseki
Massimo Angiolani,angiolani
Mateusz Kuśmierczyk,kusmierczyk
Mathieu Van Hede,van hede
Matt Brandt,brandt
Matt McBride,mcbride
Matt Perry,perry
Matt Schmitt,schmitt
Matt Thompson,thompson
Matt Wobensmith,wobensmith
Matthew P. Barnson,barnson
Matěj Hudec,hudec
Mauricio Luis Comin Araldi,araldi
Mauricio Pineda,pineda
Mav Block,block
Max Markiv,markiv
Maykon Chagas,chagas
Md. Sabbir Alam,sabbir alam
MD Owes Quruny Shubho,shubho
Mehul Patel,patel
Melek Jebnoun,jebnoun
Melissa C. Devens,devens
Mert Nalçacı,nalcaci
Michael Alexander,alexander
Michael Bryant,bryant
Michael Büttner,buttner
Michael Cooper,cooper
Michael Friedel,friedel
Michael Glenn,glenn
Michael Hendy,hendy
Michael Hovis,hovis
Michael Kalina,kalina
Michael Kirkorian,kirkorian
Michael Krax,krax
Michael La Guardia,la guardia
Michael Lopez,lopez
Michael Maslaney,maslaney
Michael Naylor,naylor
Michael Opitz,opitz
Michael P. Dubner,dubner
Michael Payne,payne
Michael Sanders,sanders
Michael Shigorin,shigorin
Michael Wardle,wardle
Michael Wolf,wolf
Michal Adamec,adamec
Michal Vašíček,vasicek
Michalis Kalohristogiannakis,kalohristogiannakis
Michał Budzyński,budzynski
Michał Dziewoński,dziewonski
Michał Sadowski,sadowski
Michel Gutierrez,gutierrez
Michel Weinachter,weinachter
Michelle Heubusch,heubusch
Michelle Levesque,levesque
Michelle Marovich,marovich
Michelle Thorne,thorne
Miguel Ángel Sierra,sierra
Miha Knavs,knavs
Miha Kosi,kosi
Mihai Constandis,constandis
Mihai Morar,morar
Mihai Ninu,ninu
Mihca Degele,degele
Mikael Hiort af Ornäs,hiort af ornas
Mikael Parknert,parnkert
Mikael Winterkvist,winterkvist
Mike Belshe,belshe
Mike Cowperthwaite,cowperthwaite
Mike Lien,lien
Mikul Makim,makim
Milan Pužić,puzic
Milen Ivanov,ivanov
Miloslav Trmač,trmac
Ming-Yee Iu,iu
Mirek Nowakowski,nowakowski
Miroslav Geisselreiter,geisselreiter
Miroslav Lazarević,lazarevic
Miroslav Suchý,suchy
Miroslav Yovchev,yovchev
Miroslav Šedý,sedy
Mirzet Omerović,omerovic
Misael Hernandez,hernandez
Mitsuhiro Wada,wada
Miłosz Pigłas,piglas
Mohamed Alaa,alaa
Mohamed Firas Hajjej,hajjej
Mohamed Hafez,hafez
Mohamed Nanabhay,nanabhay
Mohsen Sajjadi,sajjadi
Moied Mohammed,mohammed
Mojca Šetinc,setinc
Moncef Slimane Hammou,hammou
Monica Zugan,zugan
Monique Brunel,brunel
Montserrat Garcia,garcia
Morpheus Chen,chen
Mostafa Hosseini,hosseini
Motohiko Anbo,anbo
Mouhamoudou Moustapha Camara,camara
Muguntharaj Subramanian,subramanian
Muhammad Asif Jan,asif jan
Muhammad Hussain Yusuf,yusuf
Muhammad Zohaib,zohaib
Murat Özalp,ozalp
Mushviq Abdulla,abdulla
MyoungGwon Yang,yang
Myroslav Opyr,opyr
Mícheál John Ó Meachair,o meachair
Nagarjuna Venna,venna
Namita Sibal,sibal
Narae Kim,kim
Nasir Khan Saikat,saikat
Nathan Kirkham,kirkham
Nathan Senthil,senthil
Neha Paliwal,paliwal
Neil Paris,paris
Newton Baidya,baidya
Newton Mawira,mawira
Nguyễn Kim Kha,kha
Nguyễn Minh Đức,duc
Nguyễn Phan Hải,hai
Nguyễn Trọng Tuấn,tuan
Ngô Đức Trung,trung
Nian Liu,liu
Niccolò Cantù,cantu
Nick Guenther,guenther
Nickos Venturas,venturas
Niclas Mattheus,mattheus
Nicolas Delebecque,delebecque
Nicolas Kallaniotis,kallaniotis
Nicolas Massart,massart
Nicole Yee,yee
Niek Dekker,dekker
Nigel McFarlane,mcfarlane
Nihad Suljić,suljic
Niklas Lundström,lundstrom
Niko Višnjić,visnjic
Nikola Matosović,matosovic
Nikolai Nikolov,nikolov
Nikolay Shopik,shopik
Nikos Roussos,roussos
Nils Ohlmeier,ohlmeier
Nino Doijashvili,doijashvili
Nitin Bhargava,bhargava
Njungle Nges Brian,brian
No-Jun Park,park
Noemí Freire,freire
Norbert Püschel,puschel
Noririty,noririty
Nsubis Genesis,genesis
Nuno Cardoso,cardoso
Oana Horvath,horvath
Odumuyiwa Leye,leye
Oksana Ignateva,ignateva
Oleksandr Kasyaniuk,kasyaniuk
Oleksandr Korytskyy,korytskyy
Oleksandr Senyuk,senyuk
Olga Milenkaya,milenkaya
Olivier Bailly,bailly
Olivier Cahagne,cahagne
Omar B.,b.
Omi Azad,azad
Ondra Kudlík,kudlik
Ondřej Doněk,donek
Ondřej Sojka,sojka
Onkar Shinde,shinde
Onno Ekker,ekker
Ovidiu Boca,boca
Ovidiu Grigorescu,grigorescu
P. Kealoha Yoshioka,yoshioka
P. S. Karthikeyan,karthikeyan
Pablo Díaz Anzalone,diaz anzalone
Paco Castillo,castillo
Pallavi Yaramada,yaramada
Pankaj Tamrakar,tamrakar
Paolo Amadini,amadini
Paolo Besser,besser
Paolo Busilacchi,busilacchi
Paolo Iacobazzi,iacobazzi
Parul Mathur,mathur
Patrick Brunschwig,brunschwig
Patrick Finch,finch
Patty Mac,mac
Pau Cabot,cabot
Pau Masia Martinez,masia martinez
Paul Adenot,adenot
Paul Andrel,andrel
Paul Ashford,ashford
Paul Bergsagel,bergsagel
Paul Borokhov,borokhov
Paul Chen,chen
Paul Krutskikh,krutskikh
Paul Osman,osman
Paul Yang,yang
Paulin Ntihemuka,ntihemuka
Pavel Chovančík,chovancik
Pavel Kurc,kurc
Pavel Nikulin,nikulin
Pavel Peev,peev
Pavel Petric,petric
Pavel Sláma,slama
Pavol Vaškovič,vaskovic
Paweł Chmielowski,chmielowski
Pedro García Rodríguez,garcia rodriguez
Pedro Rosa,rosa
Peko Chen,chen
Per Larsson,larsson
Petar Velikov,velikov
Peter Arthur,arthur
Peter Bojanic,bojanic
Peter Cassetta,cassetta
Peter Currie,currie
Peter Kihlstedt,kihlstedt
Peter Klofutar,klofutar
Peter La,la
Peter Macej,macej
Peter Mikšík,miksik
Peter Ondráška,ondraska
Peter Scanlon,scanlon
Petr Hrbek,hrbek
Petr Jirsa,jirsa
Petr Kudrhalt Jr.,kudrhalt
Petr Mareš,mares
Petr Tomeš,tomes
Petruta Rasa,rasa
Petteri Kamppuri,kamppuri
Phil Lacy,lacy
Philipp Schmidt,schmidt
Philippe Antoine,antoine
Philippe M. Chiasson,chiasson
Phillip Smith,smith
Phillip Szelat,szelat
Piarres Beobide,beobide
Pierre Rudloff,rudloff
Piotr Chyliński,chylinski
Piotr Pielach,pielach
Piotr Zalewa,zalewa
Porfirio Landeros,landeros
Prasad A. Chodavarapu,chodavarapu
Prasad Sunkari,sunkari
Prasetyo Anggono,anggono
Preeti Sanketh,sanketh
Przemek Abratowski,abratowski
Przemyslaw Bialik,bialik
Quentin Castier,castier
Quentin Raynaud,raynaud
Quico Llach,llach
Rachel Zhang,zhang
Radek Bíba,biba
Radek Vybíral,vybiral
Radosław Szkodziński,szkodzinski
Radovan Bukóci,bukoci
Rafael Rebolleda,rebolleda
Rafał Likus,likus
Rahat Ayub,ayub
Rahul Ranjan,ranjan
Rahul Sundaram,sundaram
Raine Rapo,rapo
Rainer-Uwe Bielefeld,bielefeld
Rais Ahmad Ansari,ansari
Raj Saini,saini
Rajko Orman,orman
Raju Islam,islam
Rakesh Ambati,ambati
Rakesh Roshan,roshan
Ralph Haase,haase
Ramalingam Saravanan,saravanan
Ramūnas Lukaševičius,lukasevicius
Rangan Sen,sen
Rann Bar-On,bar-on
Ranodeep Saha,saha
Raphaël Halimi,halimi
Rares Bologa,bologa
Raul Gomes Fernandes,fernandes
Raven Zachary,zachary
Ravikumar Dandu,dandu
Redon Skikuli,skikuli
Rehan Dalal,dalal
Reid Rankin,rankin
Renato Nunes Bastos,bastos
René van Roon,van roon
René-Luc D'Hont,d'hont
Rex Lee,lee
Reza Habibi,habibi
Ricardo Loiola,loiola
Ricardo Luís Zanetti Panaggio,panaggio
Ricardo Maçãs,macas
Ricardo Soares Guimarães,guimaraes
Ricardo Valfreixo,valfreixo
Richard Allen,allen
Richard Kent James,james
Richard Milewski,milewski
Richard Pappalardo,pappalardo
Richard Sternagel,sternagel
Richard Závodný,zavodny
Rick Jelliffe,jelliffe
Rick Russell,russell
Rickard Angbratt,angbratt
Rishi Maharaj,maharaj
Risto Kotalampi,kotalampi
Rizki Dwi Kelimutu,kelimutu
Ričardas Čepas,cepas
RKVS Raman,raman
Rob MacDonald,macdonald
Rob McCool,mccool
Rob Wu,wu
Robb Bloomfield,bloomfield
Robert Hawkes,hawkes
Robert LaRubbio,larubbio
Robert Linder,linder
Robert Lisbonne,lisbonne
Robert Rainwater,rainwater
Robert Vongbounthanh,vongbounthanh
Robert Waugh,waugh
Robin Anderson,anderson
Robin Edrenius,edrenius
Robin Upton,upton
Rocky Shek,shek
Rodino Fabrizio Anderson,anderson
Rogelio Bernal Andreo,andreo
Rogelio Quintanilla Tamez,quintanilla tamez
Roger Sjölander,sjolander
Rohit Bhat,bhat
Rok Žerdin,zerdin
Roko Roić,roic
Roland Mainz,mainz
Roland Tanglao,tanglao
Roland Turčan,turcan
Romain Bezut,bezut
Romain Testard,testard
Ron Teitelbaum,teitelbaum
Ronald Killmer,killmer
Rosana Ardila,ardila
Roshan Gautam,gautam
Ross Bruniges,bruniges
Roxana Leitan,leitan
Roxana Robotin,robotin
Ruby Hsu,hsu
Rubén Cuesta Arnaldo,cuesta arnaldo
Russ Nicoletti,nicoletti
Rustam Aliyev,aliyev
Ruwan Ranganath,ranganath
Ryan Gaddis,gaddis
Ryan Merkley,merkley
Régis Fernandes Gontijo,gontijo
Rémy Hubscher,hubscher
Rūdolfs Mazurs,mazurs
S M Sarwar,sarwar
Sabrina Gabl,gabl
Saikeo Kavhanxay,kavhanxay
Samael Wang,wang
Samer Hassouneh,hassouneh
Samir Shagavatov,shagavatov
Sammy Ford,ford
Samuel Sieb,sieb
Sander van Geloven,van geloven
Sander van Lambalgen,lambalgen
Sandesh Karalkar,karalkar
Sangeeta Kumari,kumari
Sankarshan Mukhopadhyay,mukhopadhyay
Santiago Hollmann,hollmann
Sara Davis,davis
Sarah Noelle Pratt Ferguson,ferguson
Sastry Ramachandrula,ramachandrula
Saul Edwards,edwards
Saša Jakovljević,jakovljevic
Saša Maletaški,maletaski
Schalk Neethling,neethling
Scooter Morris,morris
Scott Dial,dial
Scott Kveton,kveton
Scott M. Silver,silver
Scott McCammon,mccammon
Sean Fennel,fennel
Sebastian Pacurar,pacurar
Sebastian Schwieger,schwieger
Sebastian Tischer,tischer
Seeger Fisher,fisher
Seong-wook Gong,gong
Serdar Soydemir,soydemir
Sergei B. Pokrovsky,pokrovsky
Sergei Dolgov,dolgov
Sergey Degtyarev,degtyarev
Serghei Groppa,groppa
Sergii Tupchii,tupchii
Sergiu Logigan,logigan
Sergiy Bogdancev,bogdancev
Sergiy Khoruzhin,khoruzhin
Sergiy Klymenko,klymenko
Serhiy Brytskyy,brytskyy
Seth Landsman,landsman
Shako Ho,ho
Shamsuzzaman Sadi,sadi
Shane Travis,travis
Sharon Bautista,bautista
Sharon Iimura,iimura
Shashank Roy,roy
Shaun Mahony,mahony
Shay Elkin,elkin
Shayne Jewers,jewers
Shell Escalante,escalante
Sherman Dickman,dickman
Sheueling Chang,chang
Shezmeen Prasad,prasad
Shigeyuki Hikichi,hikichi
Shirine Mitchell,mitchell
Shoshannah Forbes,forbes
Shrirang Khanzode,khanzode
Shubham Khichi,khichi
Siddharth Shanker Mishra,mishra
Sigleif S. Lekve,lekve
Silvan Scherrer,scherrer
Silvio Andrés Salazar Martínez,salazar martinez
Silviu Checherita,checherita
Simion Basca,basca
Simon Cornelius P. Umacob,umacob
Simon Eder,eder
Simona Badau,badau
Simos Xenitellis,xenitellis
Sipke Durksz,durksz
Sirawit Pakdipan,pakdipan
Sivakiran Tummala,tummala
Skier Page,page
Slava Paperno,paperno
Slavomír Čéplö,ceplo
Sohaib Ikram,ikram
Sonja Mirtitsch,mirtitsch
Sorina Florean,florean
Spencer Hui,hui
Spencer Smith,smith
Sri Kasetti,kasetti
Sriram Neelakandan,neelakandan
Stanislav Dvořák,dvorak
Stanislav Višňovský,visnovsky
Stanislav Zhelyazkov,zhelyazkov
Stanislav Štěpánek,stepanek
Stefan Borggraefe,borggraefe
Stefan Georgiev,georgiev
Stefan Ilivanov,ilivanov
Stefan Lewitas,lewitas
Stefan Livens,livens
Stefan Malling,malling
Stefan Rechsteiner,rechsteiner
Stefano Tintorini,tintorini
Stephan Schaefer,schaefer
Stephanie Schipper,schipper
Stephen Bounds,bounds
Stephen Henson,henson
Stephen Holt,holt
Stephen W. Wanjau,wanjau
Steve Chung,chung
Steve Costa,costa
Steve Delaney,delaney
Steve Klingsporn,klingsporn
Steve McIntosh,mcintosh
Steve Murphy,murphy
Steve Simms,simms
Steven H. Levine,levine
Steven Hellings,hellings
Stone Shih,shih
Stoyan Dimitrov,dimitrov
Sue Sims,sims
Sujay Desai,desai
Sumit Ranjan Das,ranjan das
Sundeep Peswani,peswani
Sunny Lee,lee
Susan Chen,chen
Suso Baleato,baleato
Sven Giermann,giermann
Sven Grull,grull
Sven Krohlas,krohlas
Swati Nalavade,nalavade
SwooWoong Seol,seol
Szabolcs Horváth,horvath
Szabolcs Hubai,hubai
Sébastien Delahaye,delahaye
Sérgio Marques,marques
Sören Hentzschel,hentzschel
Tahir Azhar,azhar
Takeshi Kurosawa,kurosawa
Taksing Kwan,kwan
Tamara Hills,hills
Tano Kan Man - Hui Chris Brian,hui
Tapu Afrad,afrad
Tarek Ziadé,ziade
Tayo Fagbohun,fagbohun
Teddy Mwakabaga,mwakabaga
Tegegne Tefera,tefera
Terence Tan,tan
Teri Wen,wen
Thad Lozada,lozada
Thanh Minh Thinh,thinh
Theodore DeCastri,decastri
Theun Bouius,bouius
Thinker Lee,lee
Thiya Ramalingam,ramalingam
Thomas Aagaard Jensen,aagaard jensen
Thomas Benisch,benisch
Thomas Düllmann,dullmann
Thomas Ho,ho
Thomas Kneeland Jr.,kneeland
Thomas Martin Widmann,widmann
Thomas Schubert,schubert
Thomas Whalen,whalen
Thomas Wisniewski,wisniewski
Thomas Zimmerman,zimmerman
Thorsten Fritz,fritz
Tiago R. Mello,mello
Tian Mingming,tian
Tiberiu C. Turbureanu,turbureanu
Tiffanie Shakespeare,shakespeare
Till N. Fiedler,fiedler
Tim Schulz,schulz
Tim van der Meij,van der meij
Tim Yamin,yamin
Timea Zsoldos,zsoldos
Timothy Aditya Sutantyo,sutantyo
Timothy B. Anderson,anderson
Timothy B. Terriberry,terriberry
Tin V Le,le
Tina Hsieh,hsieh
Tobias Fischer,fischer
Tobias Leingruber,leingruber
Todd Danner,danner
Tomas Hägg,hagg
Tomasz Domagalski,tomagalski
Tomer Brisker,brisker
Tomislav Ribičić,ribicic
Tommy Kuo,kuo
Tomás Miralles,miralles
Tomáš Brabenec,brabenec
Tomáš Kopečný,kopecny
Tomáš Marek,marek
Tomáš Zelina,zelina
Toni Syvänen,syvanen
Tony Goold,goold
Tony Reeves,reeves
Tony Xue,xue
Tori Chen,chen
Trix Supremo,supremo
Trần Đăng Khuê,khue
Tsani Jones,jones
Tshepo Tamajobe,tamajobe
Tsvetan Stoyanov,stoyanov
Tuukka Tolvanen,tolvanen
Tymur Faradzhev,faradzhev
Ulf Axelsson,axelsson
Ulf Scherov,scherov
Ulf Stroehler,stroehler
Urmika Devi,devi
Urvi Chawla,chawla
Urška Colner,colner
Vadim Vinichenko,vinichenko
Valentina Vaneeva,vaneeva
Valerie Ponell,ponell
Valérie Labonté,labonte
Varuna Jayasiri,jayasiri
Vasilica Mihasca,mihasca
Vasilis Lourdas,lourdas
Vedran Hrvoj Tomicic Cantizano,tomicic cantizano
Vedran Kovačević,kovacevic
Vedran Kralj,kralj
Veerasak Kritsanapraphan,kritsanapraphan
Viateur Mugenzi,mugenzi
Victor Andrei Oprea,oprea
Victor Carciu,carciu
Victor Karanja,karanja
Victoria Gerchinhoren Fairhurst,gerchinhoren fairhurst
Victoria Wang,wang
Viktor Ilijašić,ilijasic
Viktor Lobodzets,lobodzets
Viktė Šniaukštaitė,sniaukstaite
Vilya Harvey,harvey
Vinod P Jacob,jacob
Viorel Dehelean,dehelean
Viorela Ioia,ioia
Vipul Gupta,gupta
Virgilio Leonardo Ruilova,ruilova
Vita Badran,badran
Vitalija Mikalauskaitė,mikalauskaite
Vitaly Fedrushkov,fedrushkov
Vitaly Piryatinsky,piryatinsky
Vito DiLuminoso,diluminoso
Vitor Domingos,domingos
Viết Ngọc,ngoc
Vlad Dascalu,dascalu
Vlad Gavrila,gavrila
Vladimir Marinković,marinkovic
Vladimir Simovic,simovic
Vladimire Ermakov,ermakov
Vlado Dakich,dakich
Vojtěch Kozak,kozak
Vojtěch Mareš,mares
Vojtěch Čínert,cinert
Víctor Fernández Calvo,fernandez calvo
Wang Jian,wang
Waseem Sayegh,sayegh
Wayne Woods,woods
Weiping Liu,liu
Wilfred Hildonen,hildonen
Wilfred W. Lam,lam
Wilfried Mathanaraj,mathanaraj
Will Levine,levine
Will Nayes,nayes
William Duyck,duyck
William Hsu,hsu
William Wei,wei
Wilson Page,page
Wojciech Kapusta,kapusta
Wojciech Szczęsny,szczesny
Wolfgang Marcos,marcos
Wolfgang Wiese,wiese
Wyllys Ingersoll,ingersoll
Xan López Saborido,lopez saborido
Xavi Ivars i Ribes,ivars i ribes
Xavier Vincent,vincent
Xiangyang Chen,chen
Xiaodan Zhu,zhu
Ximon Eighteen,eighteen
Xosé S. Puente,puente
Ya-Chieh Wu,wu
Yaacov Akiba Slama,slama
Yannick Aka Brou,aka brou
Yannig Marchegay,marchegay
Yaroslav Krytsun,krytsun
Yash Tamrakar,tamrakar
Yasushi Shoji,shoji
Yehavi Bourvine,bourvine
Young-Hwan Kwon,kwon
Yu Yeung (Kenny) Ho,ho
Yuen Hoe Lim,lim
Yuktarth Nagar,nagar
Yuliana Alich,alich
Yuriy Antonov,antonov
Zachary Milbourn,milbourn
Zack Rusin,rusin
Zbigniew Braniecki,braniecki
Zdenko Podobný,podobny
Zhiyong Liu,liu
Zinnur Sirazitdinov,sirazitdinov
Zlatko Popov,popov
Zuzel Pacheco,pacheco
Zvi Nachnami,nachnami
Álvaro Martínez Majado,martinez majado
Áron Sipos,sipos
Éric Jousse,jousse
Éric Thérond,therond
Óscar Cebellán,cebellan
Óscar Manuel Gómez Senovilla,gomez senovilla
Đàm Tiến Long,long
Đặng Duy Thanh,thanh
Łukasz Kluj,kluj
Şâkir Aşçı,asci
Štěpán Petrů,petru
Željko Cvrkotič,cvrkotic
Žiga Sancin,sancin
